{
    "tags": {
        "allowUnknownTags": true
    },
    "source": {
        "include": [
            "./src/combinatorics/",
            "./src/data-structures/",
            "./src/graphics/",
            "./src/graphs/others/",
            "./src/graphs/searching/",
            "./src/graphs/shortest-path/",
            "./src/graphs/spanning-trees/",
            "./src/others/",
            "./src/primes/",
            "./src/searching/",
            "./src/sets/",
            "./src/shuffle/",
            "./src/sorting/"
        ],
        "includePattern": ".+\\.js(doc)?$",
        "excludePattern": "docs"
    },
    "plugins": [],
    "opts": {
        "template": "templates/default",
        "encoding": "utf8",
        "destination": "../javascript-algorithms-docs",
        "recurse": true,
        "private": false,
        "readme": "./readme.md"
    }
}
